2.992,1.311,0.349,2,0.9,0.1,0
13.304,3.263,0.538,2,0.9,0.1,1
15.29,1.503,0.483,2,0.9,0.1,1
17.084,1.313,0.481,2,0.9,0.1,0
18.899,1.277,0.538,2,0.9,0.1,0
29.77,1.87,0.325,2,0.9,0.1,0
31.406,1.306,0.33,2,0.9,0.1,0
35.605,2.481,0.563,2,0.9,0.1,0
37.59,1.331,0.654,1,0.9,0.1,1
39.921,1.944,0.387,1,0.9,0.1,1
44.866,1.619,0.55,1,0.9,0.1,1
47.022,1.566,0.59,1,0.9,0.1,1
48.868,1.395,0.451,1,0.9,0.1,1
52.629,1.41,0.471,1,0.9,0.1,1
54.908,1.69,0.589,1,0.9,0.1,0
56.898,1.41,0.58,1,0.9,0.1,1
61.09,1.318,0.439,1,0.9,0.1,1
63.465,1.815,0.56,1,0.9,0.1,1
65.843,1.9,0.478,1,0.9,0.1,1
67.796,1.597,0.356,1,0.9,0.1,1
70.128,2.008,0.324,1,0.9,0.1,0
72.251,1.614,0.509,1,0.9,0.1,1
74.268,1.645,0.372,1,0.9,0.1,1
78.891,2.095,0.431,1,0.9,0.1,1
80.893,1.669,0.333,1,0.9,0.1,1
83.057,1.529,0.635,1,0.9,0.1,1
84.977,1.36,0.56,1,0.9,0.1,0
87.126,1.789,0.36,1,0.9,0.1,1
91.573,2.07,0.486,1,0.9,0.1,1
93.747,1.727,0.447,1,0.9,0.1,1
96.198,1.916,0.535,1,0.9,0.1,1
97.897,1.331,0.368,1,0.9,0.1,1
100.82,2.471,0.451,1,0.9,0.1,1
104.72,1.399,0.505,1,0.9,0.1,1
107.28,1.975,0.586,1,0.9,0.1,1
109.11,1.329,0.504,1,0.9,0.1,1
111.14,1.44,0.588,1,0.9,0.1,1
113.3,1.784,0.377,1,0.9,0.1,1
115.15,1.5,0.348,1,0.9,0.1,1
117.15,1.548,0.455,1,0.9,0.1,1
119.18,1.468,0.56,1,0.9,0.1,1
120.88,1.307,0.391,1,0.9,0.1,1
126.08,3.037,0.326,1,0.9,0.1,1
127.69,1.284,0.328,1,0.9,0.1,1
131.52,3.298,0.536,1,0.9,0.1,1
133.18,1.342,0.319,1,0.9,0.1,1
135.23,1.56,0.491,1,0.9,0.1,1
137.4,1.641,0.528,2,0.9,0.1,0
140.06,1.279,0.559,2,0.9,0.1,0
142.72,2.163,0.497,1,0.9,0.1,1
144.82,1.558,0.539,1,0.9,0.1,1
149.41,2.637,0.486,1,0.9,0.1,1
152.29,2.525,0.349,1,0.9,0.1,1
154.5,1.738,0.475,1,0.9,0.1,1
157.41,2.541,0.366,1,0.9,0.1,1
159.01,1.255,0.345,1,0.9,0.1,1
160.96,1.622,0.335,1,0.9,0.1,1
163.16,1.839,0.359,1,0.9,0.1,1
165.49,1.779,0.545,1,0.9,0.1,1
167.61,1.56,0.568,1,0.9,0.1,1
169.61,1.647,0.346,1,0.9,0.1,1
171.66,1.733,0.324,1,0.1,0.9,0
174.75,2.601,0.487,1,0.1,0.9,0
178.56,3.252,0.559,2,0.1,0.9,1
180.18,1.251,0.367,2,0.1,0.9,1
181.9,1.371,0.345,2,0.1,0.9,1
183.4,1.057,0.442,2,0.1,0.9,1
186.5,1.08,0.724,2,0.1,0.9,1
188.15,1.211,0.438,2,0.1,0.9,1
193.8,1.656,0.434,2,0.1,0.9,0
197.9,1.704,0.487,1,0.1,0.9,0
200.08,1.64,0.539,1,0.1,0.9,0
202.29,1.76,0.453,1,0.1,0.9,0
204.93,2.007,0.283,2,0.1,0.9,1
206.85,1.359,0.554,2,0.1,0.9,0
210.64,1.599,0.308,2,0.1,0.9,1
215.19,1.244,0.342,1,0.1,0.9,1
217.36,1.585,0.586,1,0.1,0.9,0
219.4,1.548,0.494,1,0.1,0.9,0
222.43,1.599,0.511,2,0.1,0.9,1
224.24,1.296,0.514,2,0.1,0.9,1
227.03,1.601,0.385,2,0.1,0.9,1
228.88,1.294,0.556,2,0.1,0.9,1
231.99,1.749,0.492,2,0.1,0.9,1
243.43,1.395,0.361,2,0.1,0.9,1
245.23,1.327,0.472,2,0.1,0.9,1
247.08,1.361,0.492,2,0.1,0.9,1
250.17,1.195,0.323,2,0.1,0.9,0
254.43,1.422,0.473,2,0.1,0.9,1
256.21,1.24,0.539,2,0.1,0.9,1
258.99,1.303,0.539,2,0.1,0.9,1
261.66,1.466,0.353,2,0.1,0.9,1
263.22,1.188,0.37,2,0.1,0.9,1
264.79,1.128,0.448,2,0.1,0.9,1
266.42,1.104,0.522,2,0.1,0.9,1
268.17,1.159,0.591,2,0.1,0.9,1
271.74,1.368,0.556,2,0.1,0.9,1
273.16,1.127,0.289,2,0.1,0.9,1
275.3,1.711,0.43,2,0.1,0.9,0
277.02,1.376,0.349,2,0.1,0.9,1
278.74,1.348,0.37,2,0.1,0.9,1
280.51,1.23,0.543,2,0.1,0.9,1
283.99,1.362,0.545,2,0.1,0.9,1
285.47,1.142,0.334,2,0.1,0.9,1
287.04,1.305,0.265,2,0.1,0.9,1
288.67,1.182,0.455,2,0.1,0.9,1
290.32,1.185,0.464,2,0.1,0.9,1
292.53,1.702,0.503,2,0.1,0.9,1
294.11,1.244,0.338,2,0.1,0.9,1
296,1.556,0.335,2,0.1,0.9,1
297.75,1.229,0.519,2,0.1,0.9,1
303.12,1.492,0.502,2,0.1,0.9,1
304.74,1.084,0.534,2,0.1,0.9,1
306.65,1.56,0.358,2,0.1,0.9,1
308.32,1.138,0.533,2,0.1,0.9,1
312.06,1.775,0.665,2,0.1,0.9,1
313.8,1.348,0.386,2,0.1,0.9,1
315.42,1.151,0.472,2,0.1,0.9,1
318.2,1.385,0.352,2,0.1,0.9,1
319.78,1.107,0.469,2,0.1,0.9,1
323.78,1.615,0.481,2,0.1,0.9,0
326.2,1.879,0.542,2,0.1,0.9,1
328.87,1.33,0.324,2,0.1,0.9,1
330.67,1.48,0.328,2,0.9,0.1,0
332.35,1.224,0.448,2,0.9,0.1,0
334.56,1.741,0.469,2,0.9,0.1,0
336.86,1.819,0.317,1,0.9,0.1,1
338.59,1.257,0.478,1,0.9,0.1,1
340.56,1.372,0.596,1,0.9,0.1,1
342.47,1.609,0.297,1,0.9,0.1,1
344.67,1.777,0.424,1,0.9,0.1,1
348.56,1.799,0.29,1,0.9,0.1,1
352.42,1.379,0.529,1,0.9,0.1,1
356.28,3.367,0.491,1,0.9,0.1,1
358.2,1.509,0.413,1,0.9,0.1,0
359.89,1.314,0.379,1,0.9,0.1,1
361.93,1.693,0.348,1,0.9,0.1,1
366.15,1.348,0.582,1,0.9,0.1,1
368.13,1.629,0.35,1,0.9,0.1,1
370.09,1.46,0.493,1,0.9,0.1,1
373.5,1.278,0.556,1,0.9,0.1,1
376.29,2.305,0.48,1,0.9,0.1,1
378.86,2.017,0.559,1,0.9,0.1,1
380.87,1.464,0.541,1,0.9,0.1,1
385.09,2.021,0.322,1,0.9,0.1,1
386.92,1.425,0.404,1,0.9,0.1,1
388.7,1.336,0.452,1,0.9,0.1,1
391.39,2.095,0.587,1,0.9,0.1,1
394.29,2.405,0.496,1,0.9,0.1,1
396.21,1.49,0.438,1,0.9,0.1,1
398.35,1.603,0.533,1,0.9,0.1,1
400.67,1.827,0.49,1,0.9,0.1,1
402.22,1.23,0.323,1,0.9,0.1,1
404.13,1.512,0.401,1,0.9,0.1,1
407.51,2.932,0.441,1,0.9,0.1,1
409.88,2.039,0.339,1,0.9,0.1,1
412.66,2.214,0.563,1,0.9,0.1,1
414.14,1.111,0.365,1,0.9,0.1,1
416.77,2.092,0.545,1,0.9,0.1,1
418.8,1.526,0.496,1,0.9,0.1,0
420.42,1.259,0.369,1,0.9,0.1,1
422.51,1.644,0.441,1,0.9,0.1,0
424.42,1.331,0.577,1,0.9,0.1,1
429.03,2.366,0.35,1,0.9,0.1,1
431.05,1.433,0.588,1,0.9,0.1,1
432.92,1.424,0.446,1,0.9,0.1,1
435.45,2.124,0.405,1,0.9,0.1,0
437.84,2.01,0.378,1,0.9,0.1,1
439.72,1.526,0.354,1,0.9,0.1,1
441.84,1.807,0.318,1,0.9,0.1,1
443.7,1.397,0.463,1,0.9,0.1,1
445.44,1.3,0.439,1,0.9,0.1,1
447.45,1.393,0.613,1,0.9,0.1,1
449.46,1.437,0.573,1,0.9,0.1,1
451.39,1.417,0.515,1,0.9,0.1,1
453.63,1.693,0.548,1,0.9,0.1,1
457.16,1.281,0.394,1,0.9,0.1,1
459.25,1.409,0.674,1,0.9,0.1,1
461.25,1.54,0.463,1,0.9,0.1,1
462.99,1.441,0.302,1,0.1,0.9,0
465.33,1.865,0.474,1,0.1,0.9,0
467.24,1.325,0.579,1,0.1,0.9,0
470.41,1.362,0.507,2,0.1,0.9,1
472.21,1.54,0.255,2,0.1,0.9,1
475.62,1.252,0.593,2,0.1,0.9,1
477.77,1.845,0.303,2,0.1,0.9,1
479.83,1.582,0.483,2,0.1,0.9,1
481.58,1.374,0.373,2,0.1,0.9,1
483.22,1.135,0.504,2,0.1,0.9,1
485.14,1.633,0.283,2,0.1,0.9,1
489.01,1.429,0.379,2,0.1,0.9,1
490.84,1.362,0.471,2,0.1,0.9,1
492.79,1.403,0.542,2,0.1,0.9,1
497.51,2.145,0.561,2,0.1,0.9,1
499.51,1.506,0.497,2,0.1,0.9,1
502.24,1.34,0.319,2,0.1,0.9,1
503.84,1.321,0.282,2,0.1,0.9,0
507.5,3.298,0.357,2,0.1,0.9,0
509.58,1.218,0.526,1,0.1,0.9,1
511.46,1.569,0.306,1,0.1,0.9,1
513.45,1.427,0.567,1,0.1,0.9,0
515.37,1.429,0.492,1,0.1,0.9,0
519.72,2.05,0.482,1,0.1,0.9,0
522.9,1.538,0.419,2,0.1,0.9,0
526.41,1.285,0.303,2,0.1,0.9,1
528.21,1.349,0.447,2,0.1,0.9,1
530.1,1.316,0.574,2,0.1,0.9,1
531.83,1.286,0.45,2,0.1,0.9,1
533.61,1.312,0.463,2,0.1,0.9,1
535.48,1.276,0.594,2,0.1,0.9,1
537.49,1.475,0.537,2,0.1,0.9,1
539.5,1.481,0.528,2,0.1,0.9,1
541.85,1.948,0.397,2,0.1,0.9,1
543.37,1.103,0.417,2,0.1,0.9,1
544.77,1.144,0.258,2,0.1,0.9,1
546.98,1.773,0.438,2,0.1,0.9,1
548.45,1.142,0.325,2,0.1,0.9,1
550.78,1.816,0.52,2,0.1,0.9,1
554.68,1.885,0.398,2,0.1,0.9,1
556.67,1.374,0.62,2,0.1,0.9,1
558.17,1.196,0.3,2,0.1,0.9,0
560.13,1.454,0.51,1,0.1,0.9,1
562.03,1.604,0.29,1,0.1,0.9,0
564.12,1.56,0.53,1,0.1,0.9,0
566.46,1.931,0.418,1,0.1,0.9,0
569.69,1.81,0.376,2,0.1,0.9,1
571.84,1.563,0.586,2,0.1,0.9,1
573.56,1.148,0.57,2,0.1,0.9,1
575.7,1.821,0.324,2,0.1,0.9,1
579.9,2.231,0.436,1,0.1,0.9,0
581.96,1.322,0.733,1,0.1,0.9,0
584.8,1.686,0.329,2,0.1,0.9,1
586.55,1.475,0.275,2,0.1,0.9,1
588.9,1.766,0.584,2,0.1,0.9,1
590.87,1.395,0.571,2,0.1,0.9,1
592.75,1.374,0.508,2,0.1,0.9,1
594.72,1.435,0.534,2,0.1,0.9,1
597.77,1.268,0.385,2,0.1,0.9,1
603.43,1.494,0.452,1,0.1,0.9,1
607.55,1.678,0.564,1,0.1,0.9,0
609.93,2.073,0.305,2,0.1,0.9,1
611.63,1.279,0.422,2,0.1,0.9,1
613.36,1.068,0.665,2,0.1,0.9,1
615.16,1.343,0.453,2,0.1,0.9,1
617.24,1.458,0.628,2,0.9,0.1,0
619.28,1.472,0.562,2,0.9,0.1,0
621.42,1.737,0.409,2,0.9,0.1,0
628.51,1.188,0.602,2,0.9,0.1,0
634.5,1.204,0.505,1,0.9,0.1,1
637.4,2.338,0.564,1,0.9,0.1,1
639.25,1.483,0.364,1,0.9,0.1,1
641.76,2.113,0.4,1,0.9,0.1,0
644.44,2.368,0.311,1,0.9,0.1,1
646.58,1.567,0.57,1,0.9,0.1,1
648.97,2.109,0.283,1,0.9,0.1,1
651.19,1.666,0.553,1,0.9,0.1,1
652.76,1.28,0.284,1,0.9,0.1,1
655.22,1.913,0.549,1,0.9,0.1,1
658.84,1.432,0.33,1,0.9,0.1,1
660.94,1.73,0.372,1,0.9,0.1,1
663.05,1.755,0.355,1,0.9,0.1,1
666.91,1.463,0.534,1,0.9,0.1,1
668.63,1.402,0.313,1,0.9,0.1,1
670.76,1.595,0.538,1,0.9,0.1,1
677.75,2.477,0.382,1,0.9,0.1,1
681.2,3.079,0.366,1,0.9,0.1,1
683.36,1.83,0.337,1,0.9,0.1,1
688.05,1.586,0.545,1,0.9,0.1,1
691.68,1.062,0.611,1,0.9,0.1,1
693.6,1.562,0.358,1,0.9,0.1,1
698.15,2,0.381,1,0.9,0.1,1
701.01,2.507,0.361,1,0.9,0.1,1
702.77,1.396,0.363,1,0.9,0.1,1
705,1.851,0.377,1,0.9,0.1,1
709.13,1.606,0.47,1,0.9,0.1,1
711.62,1.999,0.49,1,0.9,0.1,1
713.53,1.343,0.569,1,0.9,0.1,1
715.15,1.269,0.345,1,0.9,0.1,1
717.32,1.593,0.577,1,0.9,0.1,1
722.48,2.875,0.369,1,0.9,0.1,0
724.86,2.031,0.347,1,0.9,0.1,1
728.37,3.153,0.36,1,0.9,0.1,1
730.27,1.578,0.32,1,0.9,0.1,1
732.44,1.77,0.401,1,0.9,0.1,1
734.55,1.579,0.531,1,0.9,0.1,1
736.47,1.381,0.538,1,0.9,0.1,1
739.56,2.54,0.55,1,0.9,0.1,1
741.4,1.438,0.404,1,0.9,0.1,1
743.35,1.474,0.481,1,0.9,0.1,1
745.04,1.312,0.375,1,0.9,0.1,1
746.92,1.575,0.308,1,0.9,0.1,1
749.76,2.437,0.399,1,0.9,0.1,1
751.61,1.51,0.338,1,0.9,0.1,1
753.42,1.462,0.349,1,0.9,0.1,1
755.57,1.517,0.63,1,0.9,0.1,1
757.26,1.345,0.353,1,0.9,0.1,1
759.31,1.757,0.291,1,0.9,0.1,1
762.08,2.179,0.588,1,0.9,0.1,1
766.47,2.346,0.363,1,0.9,0.1,1
768.5,1.447,0.59,1,0.9,0.1,1
770.02,1.219,0.292,1,0.1,0.9,0
772.19,1.62,0.555,1,0.1,0.9,0
774.31,1.597,0.524,2,0.1,0.9,1
776.04,1.361,0.367,2,0.1,0.9,1
779.96,1.391,0.468,2,0.1,0.9,1
781.71,1.327,0.418,2,0.1,0.9,1
784.66,1.434,0.487,2,0.1,0.9,1
796.6,1.978,0.489,1,0.1,0.9,0
801.51,1.519,0.379,2,0.1,0.9,1
805.17,1.197,0.468,2,0.1,0.9,1
806.86,1.251,0.439,2,0.1,0.9,1
808.67,1.297,0.51,2,0.1,0.9,1
812.89,1.502,0.302,2,0.1,0.9,0
814.56,1.232,0.443,1,0.1,0.9,0
823.21,8.176,0.465,2,0.1,0.9,1
825.22,1.727,0.29,2,0.1,0.9,1
827.7,1.887,0.587,2,0.1,0.9,1
829.66,1.4,0.565,2,0.1,0.9,1
831.69,1.47,0.559,2,0.1,0.9,1
834.06,1.891,0.476,2,0.1,0.9,1
837.96,1.59,0.349,2,0.1,0.9,1
842.25,1.298,0.579,2,0.1,0.9,1
843.94,1.146,0.548,2,0.1,0.9,0
845.71,1.284,0.487,2,0.1,0.9,1
849.77,1.489,0.45,2,0.1,0.9,1
852.27,1.936,0.563,2,0.1,0.9,1
855.12,1.439,0.36,2,0.1,0.9,0
857.27,1.624,0.527,1,0.1,0.9,0
860.57,1.249,0.343,1,0.1,0.9,0
862.39,1.292,0.287,1,0.1,0.9,0
867.78,1.548,0.572,2,0.1,0.9,1
869.32,1.164,0.369,2,0.1,0.9,1
871.57,1.804,0.444,2,0.1,0.9,1
873.62,1.765,0.293,2,0.1,0.9,0
876.01,1.974,0.41,2,0.1,0.9,1
877.58,1.168,0.402,2,0.1,0.9,1
879.22,1.342,0.305,2,0.1,0.9,1
880.91,1.422,0.261,2,0.1,0.9,1
883.06,1.857,0.299,2,0.1,0.9,1
884.82,1.246,0.51,2,0.1,0.9,1
888.5,1.67,0.349,2,0.1,0.9,1
890.34,1.559,0.278,2,0.1,0.9,0
892.17,1.378,0.447,2,0.1,0.9,1
894.03,1.325,0.537,2,0.1,0.9,1
895.62,1.177,0.42,2,0.1,0.9,1
897.39,1.211,0.549,2,0.1,0.9,1
899.42,1.519,0.521,2,0.1,0.9,1
901.38,1.693,0.265,2,0.1,0.9,1
905.11,1.352,0.447,2,0.1,0.9,1
906.93,1.296,0.517,2,0.1,0.9,1
909.19,1.703,0.563,2,0.1,0.9,1
910.67,1.169,0.304,2,0.1,0.9,1
912.27,1.207,0.395,2,0.1,0.9,1
914.17,1.401,0.495,2,0.1,0.9,1
915.68,1.117,0.396,2,0.1,0.9,1
917.85,1.638,0.531,2,0.1,0.9,1
921.33,1.315,0.351,2,0.1,0.9,1
923.17,1.506,0.328,2,0.1,0.9,1
925.43,1.733,0.529,2,0.1,0.9,1
927.81,1.832,0.545,2,0.1,0.9,1
929.58,1.203,0.567,2,0.1,0.9,1
931.33,1.453,0.301,2,0.1,0.9,1
935.09,1.314,0.509,2,0.9,0.1,1
936.8,1.142,0.571,2,0.9,0.1,0
938.78,1.401,0.583,2,0.9,0.1,0
940.44,1.151,0.507,1,0.9,0.1,1
942.17,1.275,0.449,1,0.9,0.1,1
944.27,1.571,0.532,1,0.9,0.1,1
946.4,1.827,0.302,1,0.9,0.1,1
948.41,1.451,0.557,1,0.9,0.1,1
950.16,1.475,0.279,1,0.9,0.1,1
952.31,1.626,0.524,1,0.9,0.1,1
954.5,1.675,0.514,1,0.9,0.1,1
956.21,1.419,0.295,1,0.9,0.1,1
957.96,1.439,0.312,1,0.9,0.1,1
960.44,1.998,0.479,1,0.9,0.1,1
966.76,3.679,0.354,1,0.9,0.1,1
970.27,1.472,0.379,1,0.9,0.1,1
974.34,1.454,0.552,1,0.9,0.1,1
975.8,1.119,0.34,1,0.9,0.1,0
977.69,1.416,0.475,1,0.9,0.1,1
979.73,1.488,0.552,1,0.9,0.1,1
981.47,1.194,0.545,1,0.9,0.1,1
983.15,1.398,0.285,1,0.9,0.1,1
985.03,1.465,0.42,1,0.9,0.1,1
986.89,1.564,0.286,1,0.9,0.1,1
992.36,2.692,0.573,1,0.9,0.1,1
994.28,1.405,0.512,1,0.9,0.1,1
997.9,1.391,0.293,1,0.9,0.1,1
999.59,1.377,0.314,1,0.9,0.1,1
1003.5,1.382,0.422,1,0.9,0.1,1
1005.3,1.471,0.288,1,0.9,0.1,1
1007.6,1.785,0.523,1,0.9,0.1,1
1011.9,2.223,0.384,1,0.9,0.1,1
1015.3,1.273,0.408,1,0.9,0.1,1
1017.2,1.532,0.309,1,0.9,0.1,1
1019.3,1.727,0.433,1,0.9,0.1,1
1021,1.316,0.405,1,0.9,0.1,0
1023.1,1.623,0.43,1,0.9,0.1,1
1027.1,1.613,0.34,1,0.9,0.1,1
1028.9,1.425,0.361,1,0.9,0.1,1
1032.7,1.377,0.552,1,0.9,0.1,1
1034.9,1.71,0.489,1,0.9,0.1,1
1038.4,1.853,0.339,1,0.9,0.1,1
1043,1.638,0.469,1,0.9,0.1,1
1044.7,1.329,0.364,1,0.9,0.1,1
1046.8,1.487,0.573,1,0.9,0.1,1
1048.5,1.205,0.528,1,0.9,0.1,1
1050.6,1.613,0.472,1,0.9,0.1,1
1055.1,1.437,0.515,1,0.9,0.1,1
1057,1.406,0.469,1,0.9,0.1,0
1058.6,1.09,0.552,1,0.9,0.1,1
1060.7,1.615,0.461,1,0.9,0.1,1
1062.4,1.38,0.302,1,0.9,0.1,1
1064.1,1.382,0.344,1,0.9,0.1,1
1066.9,2.237,0.555,1,0.9,0.1,1
1069.1,1.706,0.499,1,0.9,0.1,1
1070.8,1.393,0.309,1,0.1,0.9,0
1072.8,1.541,0.507,2,0.1,0.9,1
1076.7,1.084,0.54,1,0.1,0.9,0
1078.4,1.425,0.325,1,0.1,0.9,0
1080.3,1.495,0.314,1,0.1,0.9,0
1083,1.312,0.459,2,0.1,0.9,1
1084.7,1.2,0.574,2,0.1,0.9,1
1086.5,1.3,0.494,2,0.1,0.9,1
1088.5,1.353,0.63,2,0.1,0.9,1
1090.6,1.56,0.532,2,0.1,0.9,1
1094.2,1.323,0.46,2,0.1,0.9,1
1096,1.513,0.326,2,0.1,0.9,1
1097.6,1.261,0.297,2,0.1,0.9,1
1099.5,1.477,0.435,2,0.1,0.9,1
1101.1,1.121,0.471,2,0.1,0.9,1
1102.6,1.078,0.413,2,0.1,0.9,0
1106.8,1.407,0.583,2,0.1,0.9,1
1109.3,1.306,0.339,2,0.1,0.9,1
1111,1.341,0.409,2,0.1,0.9,0
1112.8,1.407,0.336,2,0.1,0.9,1
1114.3,1.254,0.258,2,0.1,0.9,1
1116.8,2.017,0.487,2,0.1,0.9,1
1118.7,1.426,0.487,2,0.1,0.9,1
1121.1,1.897,0.545,2,0.1,0.9,1
1122.8,1.239,0.411,2,0.1,0.9,1
1124.4,1.292,0.311,2,0.1,0.9,1
1127.4,2.674,0.307,2,0.1,0.9,1
1129,1.158,0.478,2,0.1,0.9,0
1131.2,1.595,0.596,1,0.1,0.9,0
1132.9,1.406,0.282,1,0.1,0.9,1
1134.6,1.294,0.409,1,0.1,0.9,0
1140.3,1.384,0.57,1,0.1,0.9,1
1142.5,1.908,0.287,1,0.1,0.9,0
1144.5,1.542,0.424,1,0.1,0.9,0
1146.2,1.35,0.338,1,0.1,0.9,0
1148.4,1.784,0.448,1,0.1,0.9,0
1157.6,8.574,0.585,1,0.1,0.9,0
1161.3,1.86,0.318,2,0.1,0.9,1
1163.4,1.625,0.423,2,0.1,0.9,1
1166.3,2.488,0.443,2,0.1,0.9,1
1168.1,1.29,0.506,2,0.1,0.9,1
1169.8,1.389,0.306,2,0.1,0.9,1
1171.5,1.253,0.484,2,0.1,0.9,1
1173,1.121,0.365,2,0.1,0.9,1
1174.9,1.315,0.552,2,0.1,0.9,1
1176.6,1.206,0.546,2,0.1,0.9,1
1178.1,1.185,0.317,2,0.1,0.9,1
1180.1,1.572,0.438,2,0.1,0.9,1
1182.2,1.737,0.279,2,0.1,0.9,1
1184.4,1.731,0.485,2,0.1,0.9,1
1186.4,1.575,0.442,2,0.1,0.9,1
1190.6,1.871,0.341,2,0.1,0.9,1
1192.7,1.685,0.414,2,0.1,0.9,1
1195.5,2.246,0.487,2,0.1,0.9,1
1197.6,1.628,0.445,2,0.1,0.9,1
1199.8,1.715,0.484,2,0.1,0.9,1
1201.4,1.126,0.518,2,0.1,0.9,1
1203.5,1.504,0.578,2,0.1,0.9,1
1205.4,1.284,0.599,2,0.1,0.9,1
1208.4,1.4,0.339,2,0.1,0.9,1
1210.5,1.626,0.484,2,0.1,0.9,1
1213.8,1.908,0.325,2,0.1,0.9,0
1217.7,1.17,0.387,2,0.1,0.9,1
1219.4,1.426,0.258,2,0.1,0.9,1
1221,1.289,0.319,2,0.1,0.9,1
1222.6,1.265,0.324,2,0.9,0.1,0
1224.5,1.456,0.482,1,0.9,0.1,1
1230.4,1.93,0.306,1,0.9,0.1,1
1232.7,1.977,0.345,1,0.9,0.1,0
1234.5,1.359,0.386,1,0.9,0.1,1
1239.4,1.662,0.374,1,0.9,0.1,1
1241.6,1.744,0.505,1,0.9,0.1,1
1243.3,1.36,0.312,1,0.9,0.1,1
1245.4,1.787,0.27,1,0.9,0.1,1
1247.1,1.388,0.351,1,0.9,0.1,1
1249.4,1.982,0.292,1,0.9,0.1,1
1251.2,1.556,0.318,1,0.9,0.1,1
1255.5,1.673,0.37,1,0.9,0.1,1
1261.6,2.056,0.401,1,0.9,0.1,1
1263.4,1.372,0.443,1,0.9,0.1,1
1265.5,1.585,0.529,1,0.9,0.1,1
1268.8,1.092,0.579,1,0.9,0.1,1
1271.1,1.865,0.463,1,0.9,0.1,1
1273.3,1.584,0.549,1,0.9,0.1,1
1275.5,1.857,0.357,1,0.9,0.1,1
1277.6,1.63,0.468,1,0.9,0.1,1
1279.6,1.745,0.3,1,0.9,0.1,1
1285.5,1.368,0.514,1,0.9,0.1,1
1287.4,1.333,0.569,1,0.9,0.1,1
1289.5,1.465,0.589,1,0.9,0.1,1
1291.2,1.173,0.528,1,0.9,0.1,1
1297.4,1.601,0.58,1,0.9,0.1,1
1299,1.148,0.473,1,0.9,0.1,0
1303.8,1.21,0.472,2,0.9,0.1,1
1305.5,1.393,0.281,2,0.9,0.1,0
1307.7,1.785,0.487,1,0.9,0.1,1
1311.6,1.607,0.384,1,0.9,0.1,1
1313.6,1.383,0.564,1,0.9,0.1,0
1315.1,1.159,0.418,1,0.9,0.1,1
1317.5,1.764,0.569,1,0.9,0.1,1
1321.4,1.385,0.527,1,0.9,0.1,1
1327.9,1.455,0.57,1,0.9,0.1,1
1329.6,1.435,0.311,1,0.9,0.1,1
1336,1.447,0.501,1,0.9,0.1,1
1337.8,1.349,0.495,1,0.9,0.1,1
1340,1.568,0.57,1,0.9,0.1,1
1341.9,1.381,0.589,1,0.9,0.1,1
1343.7,1.221,0.547,1,0.9,0.1,1
1349.3,1.354,0.376,1,0.9,0.1,1
1356.2,1.302,0.457,2,0.9,0.1,1
1358.2,1.395,0.593,2,0.9,0.1,1
1360.3,1.525,0.559,2,0.9,0.1,0
1365,1.841,0.499,1,0.9,0.1,1
1368.8,1.735,0.345,1,0.9,0.1,1
1373.7,1.791,0.341,1,0.9,0.1,1
1375.6,1.611,0.351,1,0.9,0.1,1
1379.1,3.037,0.389,1,0.9,0.1,1
1383.1,1.748,0.395,1,0.9,0.1,1
1387,1.45,0.474,1,0.9,0.1,1
1388.7,1.435,0.306,1,0.9,0.1,1
1392.7,1.552,0.383,1,0.9,0.1,1
1395.1,1.87,0.575,1,0.1,0.9,0
1397.4,1.955,0.328,1,0.1,0.9,0
1399.3,1.4,0.489,1,0.1,0.9,0
1401.2,1.541,0.374,1,0.1,0.9,0
1404.9,1.555,0.372,2,0.1,0.9,1
1408.2,1.898,0.318,2,0.1,0.9,1
1409.9,1.268,0.413,2,0.1,0.9,1
1411.8,1.335,0.569,2,0.1,0.9,0
1418.9,1.473,0.622,2,0.1,0.9,1
1420.7,1.337,0.5,2,0.1,0.9,1
1441.5,15.6,0.357,2,0.1,0.9,1
1443.2,1.237,0.502,2,0.1,0.9,1
1451.7,6.062,0.455,1,0.1,0.9,0
1454.4,2.088,0.589,1,0.1,0.9,0
1459.6,4.739,0.504,1,0.1,0.9,0
1465.3,4.096,0.577,2,0.1,0.9,1
1466.7,1.121,0.301,2,0.1,0.9,1
1469.6,2.442,0.525,2,0.1,0.9,1
1471.3,1.236,0.417,2,0.1,0.9,1
1472.8,1.285,0.267,2,0.1,0.9,1
1474.4,1.316,0.274,2,0.1,0.9,1
1476.1,1.193,0.451,2,0.1,0.9,1
1477.9,1.259,0.514,2,0.1,0.9,1
1481.4,1.765,0.266,2,0.1,0.9,1
1484,1.973,0.57,2,0.1,0.9,1
1487.5,1.701,0.359,2,0.1,0.9,0
1490.2,1.72,0.912,1,0.1,0.9,0
1491.9,1.35,0.354,1,0.1,0.9,0
1493.8,1.395,0.515,1,0.1,0.9,0
1495.7,1.383,0.577,2,0.1,0.9,1
1498.6,1.644,0.345,2,0.1,0.9,0
1500.9,1.758,0.527,1,0.1,0.9,0
1503.1,1.732,0.506,1,0.1,0.9,1
1505,1.433,0.45,1,0.1,0.9,0
1506.9,1.372,0.506,1,0.1,0.9,0
1509.1,1.717,0.443,1,0.1,0.9,0
1512,1.221,0.4,2,0.1,0.9,0
1513.6,1.121,0.518,2,0.1,0.9,1
1517.1,1.47,0.367,2,0.1,0.9,0
1518.9,1.299,0.558,2,0.1,0.9,1
1521.7,1.425,0.399,2,0.1,0.9,1
1523.4,1.118,0.62,2,0.1,0.9,1
1525.1,1.221,0.431,2,0.1,0.9,1
1527.2,1.732,0.378,2,0.1,0.9,1
1529.1,1.388,0.523,2,0.1,0.9,1
1532.2,1.249,0.328,2,0.1,0.9,1
1533.9,1.212,0.551,2,0.1,0.9,1
1535.5,1.229,0.329,2,0.1,0.9,1
1537.2,1.276,0.414,2,0.1,0.9,1
1539.5,1.995,0.372,2,0.1,0.9,1
1541.2,1.241,0.409,2,0.1,0.9,1
1545.4,1.432,0.356,2,0.1,0.9,1
1547.2,1.334,0.509,2,0.1,0.9,1
1549.7,1.104,0.408,2,0.1,0.9,1
1551.8,1.474,0.602,2,0.1,0.9,1
1554.3,1.035,0.661,2,0.1,0.9,1
1556.5,1.811,0.411,2,0.1,0.9,0
1561.3,1.407,0.591,2,0.1,0.9,1
1564,1.324,0.477,2,0.1,0.9,1
1565.6,1.312,0.309,2,0.1,0.9,1
1567.2,1.214,0.354,2,0.1,0.9,1
1569.7,2.203,0.305,2,0.1,0.9,1
1571.4,1.113,0.543,2,0.1,0.9,1
1574.5,1.417,0.339,2,0.1,0.9,0
1576.2,1.283,0.411,2,0.1,0.9,1
1578.4,1.678,0.536,2,0.1,0.9,1
1583.7,1.114,0.54,2,0.1,0.9,1
1585.3,1.112,0.51,2,0.1,0.9,1
1587.3,1.578,0.428,2,0.1,0.9,1
1588.9,1.066,0.504,2,0.1,0.9,1
1593.8,1.346,0.343,2,0.1,0.9,1
1595.7,1.55,0.311,2,0.9,0.1,0
1597.3,1.228,0.349,2,0.9,0.1,0
1600,1.269,0.32,1,0.9,0.1,1
1602,1.458,0.604,1,0.9,0.1,1
1604.1,1.506,0.564,1,0.9,0.1,1
1606.1,1.489,0.557,1,0.9,0.1,0
1608.4,1.784,0.485,2,0.9,0.1,0
1610.2,1.394,0.431,2,0.9,0.1,0
1613.7,3.019,0.459,2,0.9,0.1,1
1615.3,1.099,0.545,2,0.9,0.1,0
1618.3,1.315,0.333,1,0.9,0.1,0
1621.5,2.7,0.46,2,0.9,0.1,0
1623.6,1.475,0.677,2,0.9,0.1,0
1625.3,1.272,0.366,2,0.9,0.1,0
1628.1,1.433,0.396,1,0.9,0.1,1
1630.1,1.522,0.453,1,0.9,0.1,1
1632.1,1.485,0.453,1,0.9,0.1,1
1633.8,1.152,0.549,1,0.9,0.1,1
1636.4,2.298,0.3,1,0.9,0.1,0
1638.1,1.403,0.388,1,0.9,0.1,1
1639.9,1.291,0.501,1,0.9,0.1,1
1641.7,1.361,0.439,1,0.9,0.1,1
1643.6,1.359,0.508,1,0.9,0.1,1
1645.4,1.322,0.493,1,0.9,0.1,0
1647.7,1.698,0.567,1,0.9,0.1,1
1649.4,1.318,0.444,1,0.9,0.1,1
1651.6,1.63,0.538,1,0.9,0.1,1
1653.2,1.122,0.474,1,0.9,0.1,1
1655.7,2.13,0.311,1,0.9,0.1,1
1657.3,1.348,0.321,1,0.9,0.1,1
1659.7,2.025,0.338,1,0.9,0.1,1
1663.5,1.706,0.377,1,0.9,0.1,1
1665.4,1.423,0.519,1,0.9,0.1,1
1667.5,1.548,0.52,1,0.9,0.1,1
1670.8,1.381,0.428,1,0.9,0.1,1
1672.8,1.535,0.559,1,0.9,0.1,1
1675,1.634,0.521,1,0.9,0.1,1
1676.7,1.245,0.496,1,0.9,0.1,1
1678.2,1.167,0.31,1,0.9,0.1,1
1680.3,1.79,0.33,1,0.9,0.1,1
1682.1,1.283,0.469,1,0.9,0.1,0
1684.4,1.787,0.544,1,0.9,0.1,0
1689.6,1.501,0.591,1,0.9,0.1,1
1691.7,1.541,0.568,1,0.9,0.1,1
1693.5,1.377,0.43,1,0.9,0.1,1
1695.9,1.983,0.4,1,0.9,0.1,0
1697.7,1.436,0.369,1,0.9,0.1,1
1701.7,1.701,0.347,1,0.9,0.1,0
1706.2,4.025,0.46,1,0.9,0.1,1
1707.8,1.406,0.265,1,0.9,0.1,1
1711.6,1.336,0.409,1,0.9,0.1,0
1713.5,1.443,0.537,1,0.9,0.1,1
1715.6,1.624,0.414,1,0.9,0.1,1
1717.4,1.547,0.325,1,0.9,0.1,1
1719.9,1.97,0.479,1,0.9,0.1,1
1721.9,1.742,0.301,1,0.9,0.1,1
1723.9,1.491,0.502,1,0.9,0.1,1
1727.6,1.351,0.346,1,0.9,0.1,1
1729.6,1.354,0.615,1,0.9,0.1,1
1733.8,1.452,0.446,1,0.9,0.1,0
1741.6,1.475,0.383,2,0.9,0.1,0
1744.5,1.279,0.471,2,0.9,0.1,0
1748.1,1.385,0.349,1,0.9,0.1,1
1749.9,1.416,0.423,1,0.9,0.1,1
1751.5,1.251,0.289,1,0.9,0.1,1
1753.5,1.654,0.357,1,0.9,0.1,1
1755.3,1.514,0.287,1,0.9,0.1,1
1757.1,1.491,0.299,1,0.9,0.1,1
1759.3,1.667,0.531,1,0.9,0.1,1
1762.6,1.534,0.348,1,0.9,0.1,1
1766.8,1.758,0.387,1,0.1,0.9,0
1768.7,1.482,0.42,1,0.1,0.9,0
1770.7,1.477,0.549,1,0.1,0.9,0
1776.5,1.804,0.592,2,0.1,0.9,1
1778.6,1.653,0.468,2,0.1,0.9,1
1782.7,1.503,0.524,2,0.1,0.9,0
1784.4,1.346,0.358,2,0.1,0.9,1
1786.6,1.776,0.464,2,0.1,0.9,1
1788.2,1.128,0.424,2,0.1,0.9,1
1789.9,1.207,0.455,2,0.1,0.9,1
1791.7,1.397,0.401,2,0.1,0.9,1
1793.1,1.161,0.301,2,0.1,0.9,1
1795,1.565,0.301,2,0.1,0.9,1
1796.7,1.364,0.316,2,0.1,0.9,1
1798.7,1.581,0.453,2,0.1,0.9,1
1802,1.332,0.408,2,0.1,0.9,1
1804.3,1.773,0.538,2,0.1,0.9,1
1806.2,1.553,0.363,2,0.1,0.9,1
1807.9,1.224,0.531,2,0.1,0.9,1
1811.4,1.474,0.509,2,0.1,0.9,1
1813.6,1.599,0.537,2,0.1,0.9,1
1815.7,1.521,0.594,2,0.1,0.9,1
1817.7,1.515,0.486,2,0.1,0.9,0
1819.9,1.85,0.41,2,0.1,0.9,1
1821.9,1.411,0.597,2,0.1,0.9,1
1825.5,3.031,0.51,2,0.1,0.9,1
1827.2,1.175,0.59,2,0.1,0.9,1
1831.2,2.699,0.339,2,0.1,0.9,1
1832.8,1.349,0.279,2,0.1,0.9,1
1834.9,1.579,0.5,2,0.1,0.9,1
1836.8,1.38,0.493,2,0.1,0.9,1
1838.4,1.176,0.389,2,0.1,0.9,0
1841,2.202,0.485,2,0.1,0.9,1
1842.8,1.18,0.528,2,0.1,0.9,1
1844.1,1.057,0.282,2,0.1,0.9,1
1845.6,1.225,0.312,2,0.1,0.9,0
1847.6,1.459,0.548,2,0.1,0.9,1
1850.4,1.383,0.461,2,0.1,0.9,0
1857,2.012,0.359,2,0.1,0.9,1
1858.5,1.061,0.462,2,0.1,0.9,1
1860.3,1.397,0.406,2,0.1,0.9,0
1865.4,4.733,0.339,1,0.1,0.9,0
1868,2.012,0.569,1,0.1,0.9,0
1870.4,2.028,0.383,1,0.1,0.9,0
1872.2,1.342,0.466,1,0.1,0.9,0
1874.3,1.631,0.463,1,0.1,0.9,0
1876.3,1.568,0.439,1,0.1,0.9,0
1878.4,1.572,0.557,1,0.1,0.9,1
1881.9,1.399,0.418,1,0.1,0.9,1
1884.2,1.91,0.331,1,0.1,0.9,1
1886.1,1.365,0.539,1,0.1,0.9,0
1888,1.426,0.488,1,0.1,0.9,0
1890,1.446,0.541,1,0.1,0.9,0
1927.2,36.603,0.648,2,0.1,0.9,1
1931.1,1.352,0.453,2,0.1,0.9,1
1932.7,1.269,0.318,2,0.1,0.9,1
1934.4,1.135,0.495,2,0.1,0.9,1
1936.4,1.559,0.438,2,0.1,0.9,1
1938.5,1.566,0.573,2,0.1,0.9,1
1941.5,1.6,0.431,2,0.1,0.9,1
1943.2,1.316,0.459,2,0.1,0.9,1
1945,1.375,0.414,2,0.1,0.9,1
1947.7,2.313,0.338,2,0.1,0.9,1
1950.5,2.226,0.553,2,0.1,0.9,1
1951.9,1.181,0.311,2,0.1,0.9,1
1953.6,1.154,0.501,2,0.1,0.9,1
1956.3,2.158,0.529,2,0.1,0.9,1
1959.3,2.637,0.37,2,0.1,0.9,1
1966,1.331,0.603,2,0.9,0.1,1
1968.8,2.456,0.327,2,0.9,0.1,0
1972.1,2.734,0.571,2,0.9,0.1,0
1974.9,1.366,0.482,2,0.9,0.1,0
1976.8,1.291,0.593,1,0.9,0.1,1
1978.7,1.372,0.553,1,0.9,0.1,1
1980.6,1.355,0.572,1,0.9,0.1,1
1984.3,1.228,0.372,1,0.9,0.1,1
1986.3,1.392,0.542,1,0.9,0.1,1
1987.9,1.354,0.278,1,0.9,0.1,1
1994.4,1.57,0.352,1,0.9,0.1,1
1998,1.392,0.491,1,0.9,0.1,1
2000.1,1.528,0.549,1,0.9,0.1,1
2001.9,1.131,0.618,1,0.9,0.1,1
2015.3,9.102,0.56,1,0.9,0.1,1
2018,2.128,0.561,1,0.9,0.1,1
2020.1,1.418,0.629,1,0.9,0.1,1
2023.6,2.109,0.57,1,0.9,0.1,1
2025,1.15,0.318,1,0.9,0.1,1
2045,13.038,0.352,2,0.9,0.1,0
2047.4,1.931,0.469,2,0.9,0.1,0
2050.7,1.697,0.595,2,0.9,0.1,0
2071.6,14.634,0.476,2,0.9,0.1,0
2073.5,1.429,0.462,1,0.9,0.1,1
2075.6,1.538,0.526,1,0.9,0.1,1
2077.5,1.467,0.52,1,0.9,0.1,1
2079.5,1.411,0.527,1,0.9,0.1,1
2085.3,1.411,0.431,1,0.9,0.1,1
2089.1,1.625,0.388,1,0.9,0.1,1
2090.9,1.539,0.292,1,0.9,0.1,1
2094.5,1.331,0.394,1,0.9,0.1,1
2096.6,1.515,0.527,1,0.9,0.1,1
2098.3,1.255,0.518,1,0.9,0.1,1
2101.9,1.2,0.417,1,0.9,0.1,1
2103.6,1.259,0.508,1,0.9,0.1,1
2105.6,1.426,0.583,1,0.9,0.1,1
2108.9,1.578,0.303,1,0.9,0.1,1
2112.2,1.161,0.476,1,0.9,0.1,1
2116,1.581,0.544,1,0.9,0.1,1
2117.8,1.103,0.614,1,0.9,0.1,1
2121.3,1.443,0.355,1,0.9,0.1,1
2123.2,1.353,0.569,1,0.9,0.1,1
2125.1,1.182,0.722,1,0.9,0.1,1
2127,1.333,0.621,1,0.9,0.1,1
2128.7,1.348,0.323,1,0.9,0.1,1
2130.6,1.364,0.483,1,0.9,0.1,1
2134,1.602,0.339,1,0.9,0.1,1
2137.8,1.445,0.372,1,0.9,0.1,1
2139.5,1.376,0.295,1,0.9,0.1,1
2145.5,2.03,0.365,1,0.9,0.1,1
2147.5,1.396,0.551,1,0.9,0.1,1
2149,1.109,0.376,1,0.9,0.1,1
2153.1,1.746,0.34,1,0.9,0.1,1
2154.9,1.26,0.55,1,0.9,0.1,1
2156.5,1.106,0.543,1,0.9,0.1,0
2158.6,1.734,0.312,1,0.9,0.1,1
2162.7,1.438,0.48,1,0.9,0.1,1
2164.8,1.481,0.57,1,0.9,0.1,1
2166.8,1.649,0.372,1,0.1,0.9,0
2168.5,1.305,0.365,1,0.1,0.9,0
2170.5,1.547,0.453,1,0.1,0.9,0
2173.6,1.624,0.692,1,0.1,0.9,0
2175.9,2.008,0.322,1,0.1,0.9,0
2177.9,1.441,0.528,1,0.1,0.9,0
2183.5,3.332,0.43,1,0.1,0.9,0
2189.3,5.384,0.485,2,0.1,0.9,1
2191.2,1.128,0.762,1,0.1,0.9,0
2202.6,2.342,0.488,1,0.1,0.9,0
2204.4,1.187,0.562,1,0.1,0.9,0
2206.7,1.929,0.402,2,0.1,0.9,1
2208.3,1.192,0.463,2,0.1,0.9,0
2210.1,1.299,0.417,2,0.1,0.9,1
2211.6,1.241,0.319,2,0.1,0.9,0
2214.7,2.572,0.512,1,0.1,0.9,0
2229.3,14.199,0.45,2,0.1,0.9,1
2233.2,1.113,0.442,2,0.1,0.9,1
2234.8,1.256,0.331,2,0.1,0.9,1
2236.5,1.312,0.325,2,0.1,0.9,1
2238.2,1.475,0.29,2,0.1,0.9,1
2240.7,1.951,0.559,2,0.1,0.9,1
2242.4,1.208,0.488,2,0.1,0.9,1
2244.5,1.729,0.301,2,0.1,0.9,1
2246.2,1.393,0.299,2,0.1,0.9,1
2248.4,1.708,0.511,2,0.1,0.9,1
2250.5,1.575,0.505,2,0.1,0.9,1
2252.5,1.613,0.471,2,0.1,0.9,1
2264,3.827,0.333,2,0.1,0.9,1
2348.5,59.244,0.428,2,0.1,0.9,1
2350.5,1.438,0.569,2,0.1,0.9,1
2352.8,1.772,0.479,2,0.1,0.9,1
2354.3,1.129,0.454,2,0.1,0.9,1
2355.7,1.1,0.294,2,0.1,0.9,1
2362.3,6.01,0.538,2,0.1,0.9,1
2364.5,1.62,0.554,2,0.1,0.9,1
2405.8,40.801,0.586,2,0.1,0.9,1
2407.7,1.275,0.581,2,0.1,0.9,1
